{
    "Protagonist Status": {
        "Name": "Anthony Koch",
        "Past Identity": "Corporal Zahid Siregar",
        "Age": "0",
        "Location": "Hospital, USA",
        "Date of Birth": "1984-03-06",
        "Goal": "",
        "Icon": "King"
    },
    "Skills": [
        "Soldier's Mindset (OODA Loop)",
        "Intelligence Gathering (Observation)"
    ],
    "Assets": [],
    "Relations": {
        "Allies": [
            {
                "Name": "Liz Koch",
                "Relation": "Family"
            },
            {
                "Name": "Charles Koch",
                "Relation": "Family"
            },
            {
                "Name": "Chase Koch",
                "Relation": "Family"
            },
            {
                "Name": "Beth Koch",
                "Relation": "Family"
            }
        ],
        "Enemies": []
    },
    "Current Objectives": [
        "Survive infancy",
        "Learn to control new body",
        "Gather intelligence on new family and world",
        "Grow strong"
    ],
    "Timelines": [
        {
            "Name": "Timeline Alpha",
            "Description": "The original timeline where Indonesia is dragged into war in 2027 and is filled with incompetence and corruption. Zahid was a cynical soldier who died in the Fuzhou explosion. This timeline is the source of his trauma and technical knowledge."
        },
        {
            "Name": "Timeline Prime",
            "Description": "The current timeline starting in 1984. Zahid is reborn as Charles Koch's son. He intends to use his future knowledge to build a \"competence-based\" empire."
        }
    ],
    "Allies": [
        {
            "Name": "Charles Koch",
            "Relation": "Family",
            "Loyalty": 50,
            "Notes": "New father. Identified by Anthony as a 'powerful asset' and a man who sees the world as a thing to be shaped.",
            "Icon": "Family"
        },
        {
            "Name": "Liz Koch",
            "Relation": "Family",
            "Loyalty": 50,
            "Notes": "New mother. Appears warm but tired.",
            "Icon": "Family"
        },
        {
            "Name": "Chase Koch",
            "Relation": "Family",
            "Loyalty": 50,
            "Notes": "New older brother. Loud, confident, seen as a potential disruption.",
            "Icon": "Family"
        },
        {
            "Name": "Beth Koch",
            "Relation": "Family",
            "Loyalty": 50,
            "Notes": "New older sister. Quiet and an observer.",
            "Icon": "Family"
        }
    ]
}